{
  "train_loss": [
    5.292339037542474,
    5.073173575205345,
    5.013894616741023,
    4.88520268218158,
    4.705058300331848,
    4.600611111889147,
    4.5043802065392065,
    4.3592826013695705,
    4.204463971804266,
    4.0639777836734305,
    3.972199028485442,
    3.896243017013759,
    3.8116287270637406,
    3.74137689969311,
    3.6140386307076233,
    3.5278640675218136,
    3.415879625163666,
    3.3280773162841797,
    3.2062268289801192,
    3.1035318505274105,
    2.9328046465573245,
    2.7056601194486225,
    2.4457172220700407,
    2.2263828744627023,
    1.9595931376496407,
    1.7304221359017777,
    1.5113021927337125,
    1.292591203565467,
    1.1171721269006598,
    0.9522029602364318
  ],
  "train_acc": [
    0.42955326460481097,
    0.6872852233676976,
    0.6872852233676976,
    1.6323024054982818,
    0.9450171821305842,
    1.288659793814433,
    2.577319587628866,
    2.7491408934707904,
    2.8350515463917527,
    3.7800687285223367,
    4.29553264604811,
    5.326460481099656,
    5.841924398625429,
    6.2714776632302405,
    8.419243986254296,
    9.02061855670103,
    9.879725085910653,
    12.88659793814433,
    14.003436426116838,
    17.010309278350515,
    20.70446735395189,
    29.29553264604811,
    32.47422680412371,
    39.261168384879724,
    46.735395189003434,
    52.577319587628864,
    59.450171821305844,
    63.91752577319588,
    71.64948453608247,
    73.88316151202748
  ],
  "val_loss": [
    5.200392782688141,
    5.279183030128479,
    5.219613164663315,
    5.087372183799744,
    4.942499071359634,
    4.937577188014984,
    4.855367839336395,
    4.699104800820351,
    4.6272199004888535,
    4.5297456830739975,
    4.45760104060173,
    4.352747693657875,
    4.424188271164894,
    4.347805559635162,
    4.275736182928085,
    4.274849936366081,
    4.127140149474144,
    4.217549219727516,
    4.158333390951157,
    3.941800594329834,
    3.8252660036087036,
    3.757487654685974,
    3.548119679093361,
    3.5307819694280624,
    3.407372087240219,
    3.1380827873945236,
    3.0313707292079926,
    2.9481056332588196,
    3.013757735490799,
    2.9295144081115723
  ],
  "val_acc": [
    0.0,
    0.0,
    1.2048192771084338,
    1.606425702811245,
    0.40160642570281124,
    1.606425702811245,
    0.0,
    2.0080321285140563,
    1.606425702811245,
    2.4096385542168677,
    3.6144578313253013,
    6.024096385542169,
    5.622489959839357,
    5.220883534136546,
    8.433734939759036,
    6.827309236947791,
    10.040160642570282,
    9.63855421686747,
    6.827309236947791,
    13.25301204819277,
    17.269076305220885,
    17.670682730923694,
    21.686746987951807,
    20.883534136546185,
    26.50602409638554,
    30.923694779116467,
    31.72690763052209,
    30.923694779116467,
    34.53815261044177,
    38.55421686746988
  ]
}